"","Class","Order","SubOrder","SuperFamily","Family","SubFamily","Genus","Species"
"Acanthosomatidae.sp1","Insecta","Hemiptera","Heteroptera","Pentatomoidea","Acanthosomatidae",NA,NA,NA
"Acanthosomatidae.sp2","Insecta","Hemiptera","Heteroptera","Pentatomoidea","Acanthosomatidae",NA,NA,NA
"Acanthosomatidae.sp3","Insecta","Hemiptera","Heteroptera","Pentatomoidea","Acanthosomatidae",NA,NA,NA
"Acanthosomatidae.sp4","Insecta","Hemiptera","Heteroptera","Pentatomoidea","Acanthosomatidae",NA,NA,NA
"Achaearanea.sp","Arachnida","Araneae","Araneomorphae","Araneoidea","Theridiidae",NA,"Achaearanea",NA
"Acrididae.sp1","Insecta","Orthoptera","Caelifera","Acridoidea","Acrididae",NA,NA,NA
"Acrididae.sp10","Insecta","Orthoptera","Caelifera","Acridoidea","Acrididae",NA,NA,NA
"Acrididae.sp11","Insecta","Orthoptera","Caelifera","Acridoidea","Acrididae",NA,NA,NA
"Acrididae.sp12","Insecta","Orthoptera","Caelifera","Acridoidea","Acrididae",NA,NA,NA
"Acrididae.sp13","Insecta","Orthoptera","Caelifera","Acridoidea","Acrididae",NA,NA,NA
"Acrididae.sp14","Insecta","Orthoptera","Caelifera","Acridoidea","Acrididae",NA,NA,NA
"Acrididae.sp15","Insecta","Orthoptera","Caelifera","Acridoidea","Acrididae",NA,NA,NA
"Acrididae.sp16","Insecta","Orthoptera","Caelifera","Acridoidea","Acrididae",NA,NA,NA
"Acrididae.sp17","Insecta","Orthoptera","Caelifera","Acridoidea","Acrididae",NA,NA,NA
"Acrididae.sp18","Insecta","Orthoptera","Caelifera","Acridoidea","Acrididae",NA,NA,NA
"Acrididae.sp19","Insecta","Orthoptera","Caelifera","Acridoidea","Acrididae",NA,NA,NA
"Acrididae.sp2","Insecta","Orthoptera","Caelifera","Acridoidea","Acrididae",NA,NA,NA
"Acrididae.sp3","Insecta","Orthoptera","Caelifera","Acridoidea","Acrididae",NA,NA,NA
"Acrididae.sp4","Insecta","Orthoptera","Caelifera","Acridoidea","Acrididae",NA,NA,NA
"Acrididae.sp5","Insecta","Orthoptera","Caelifera","Acridoidea","Acrididae",NA,NA,NA
"Acrididae.sp6","Insecta","Orthoptera","Caelifera","Acridoidea","Acrididae",NA,NA,NA
"Acrididae.sp7","Insecta","Orthoptera","Caelifera","Acridoidea","Acrididae",NA,NA,NA
"Acrididae.sp8","Insecta","Orthoptera","Caelifera","Acridoidea","Acrididae",NA,NA,NA
"Acrididae.sp9","Insecta","Orthoptera","Caelifera","Acridoidea","Acrididae",NA,NA,NA
"Adelophaga.sp1","Insecta","Coleoptera","Polyphaga","Curculionoidea","Curculionidae","Adelognatha",NA,NA
"Adelophaga.sp2","Insecta","Coleoptera","Polyphaga","Curculionoidea","Curculionidae","Adelognatha",NA,NA
"Adelophaga.sp3","Insecta","Coleoptera","Polyphaga","Curculionoidea","Curculionidae","Adelognatha",NA,NA
"Adelophaga.sp4","Insecta","Coleoptera","Polyphaga","Curculionoidea","Curculionidae","Adelognatha",NA,NA
"Adelophaga.sp5","Insecta","Coleoptera","Polyphaga","Curculionoidea","Curculionidae","Adelognatha",NA,NA
"Adelophaga.sp6","Insecta","Coleoptera","Polyphaga","Curculionoidea","Curculionidae","Adelognatha",NA,NA
"Adelophaga.sp7","Insecta","Coleoptera","Polyphaga","Curculionoidea","Curculionidae","Adelognatha",NA,NA
"Aeolothripidae.sp1","Insecta","Thysanoptera","Terebrantia",NA,"Aeolothripidae",NA,NA,NA
"Aeolothripidae.sp2","Insecta","Thysanoptera","Terebrantia",NA,"Aeolothripidae",NA,NA,NA
"Afropisaura.sp1","Arachnida","Araneae","Araneomorphae",NA,"Pisauridae",NA,"Afropisaura",NA
"Afropisaura.sp2","Arachnida","Araneae","Araneomorphae",NA,"Pisauridae",NA,"Afropisaura",NA
"Aleyrodidae.sp1","Insecta","Hemiptera","Sternorrhyncha","Aleyrodoidea","Aleyrodidae",NA,NA,NA
"Aleyrodidae.sp2","Insecta","Hemiptera","Sternorrhyncha","Aleyrodoidea","Aleyrodidae",NA,NA,NA
"Alticinae.sp","Insecta","Coleoptera","Polyphaga","Chrysomeloidea","Chrysomelidae","Alticinae",NA,NA
"Anthocoridae.sp1","Insecta","Hemiptera","Heteroptera","Cimicoidea","Anthocoridae",NA,NA,NA
"Anthocoridae.sp2","Insecta","Hemiptera","Heteroptera","Cimicoidea","Anthocoridae",NA,NA,NA
"Anthocoridae.sp3","Insecta","Hemiptera","Heteroptera","Cimicoidea","Anthocoridae",NA,NA,NA
"Anthocoridae.sp4","Insecta","Hemiptera","Heteroptera","Cimicoidea","Anthocoridae",NA,NA,NA
"Aphanisticus.sp","Insecta","Coleoptera","Polyphaga","Buprestoidea","Buprestidae","Agrilinae","Aphanisticus",NA
"Aphidoidea.sp1","Insecta","Hemiptera","Sternorrhyncha","Aphidoidea",NA,NA,NA,NA
"Aphidoidea.sp2","Insecta","Hemiptera","Sternorrhyncha","Aphidoidea",NA,NA,NA,NA
"Aphrophoridae.sp1","Insecta","Hemiptera","Auchenorrhyncha","Cercopoidea","Aphrophoridae",NA,NA,NA
"Aphrophoridae.sp2","Insecta","Hemiptera","Auchenorrhyncha","Cercopoidea","Aphrophoridae",NA,NA,NA
"Aphrophoridae.sp3","Insecta","Hemiptera","Auchenorrhyncha","Cercopoidea","Aphrophoridae",NA,NA,NA
"Aphrophoridae.sp4","Insecta","Hemiptera","Auchenorrhyncha","Cercopoidea","Aphrophoridae",NA,NA,NA
"Apionidae.sp1","Insecta","Coleoptera","Polyphaga","Curculionoidea","Apionidae",NA,NA,NA
"Apionidae.sp2","Insecta","Coleoptera","Polyphaga","Curculionoidea","Apionidae",NA,NA,NA
"Apionidae.sp3","Insecta","Coleoptera","Polyphaga","Curculionoidea","Apionidae",NA,NA,NA
"Apionidae.sp4","Insecta","Coleoptera","Polyphaga","Curculionoidea","Apionidae",NA,NA,NA
"Apionidae.sp5","Insecta","Coleoptera","Polyphaga","Curculionoidea","Apionidae",NA,NA,NA
"Arachnura.scorpionoides","Arachnida","Araneae","Araneomorphae","Araneoidea","Araneidae",NA,"Arachnura","Arachnura.scorpionoides"
"Araneus.holzapfelae","Arachnida","Araneae","Araneomorphae","Araneoidea","Araneidae",NA,"Araneus","Araneus.holzapfelae"
"Asilidae.sp","Insecta","Diptera","Brachycera","Asiloidea","Asilidae",NA,NA,NA
"Blissidae.sp","Insecta","Hemiptera","Heteroptera","Lygaeoidea","Blissidae",NA,NA,NA
"Bonaspeia.sp1","Insecta","Hemiptera","Auchenorrhyncha","Membracoidea","Cicadellidae","Deltocephalinae","Bonaspeia",NA
"Bonaspeia.sp2","Insecta","Hemiptera","Auchenorrhyncha","Membracoidea","Cicadellidae","Deltocephalinae","Bonaspeia",NA
"Bonaspeia.sp3","Insecta","Hemiptera","Auchenorrhyncha","Membracoidea","Cicadellidae","Deltocephalinae","Bonaspeia",NA
"Bruchidae.sp1","Insecta","Coleoptera","Polyphaga","Chrysomeloidea","Chrysomelidae","Bruchinae",NA,NA
"Bruchidae.sp2","Insecta","Coleoptera","Polyphaga","Chrysomeloidea","Chrysomelidae","Bruchinae",NA,NA
"Caffrolix.sp1","Insecta","Hemiptera","Auchenorrhyncha","Membracoidea","Cicadellidae","Deltocephalinae","Caffrolix",NA
"Caffrolix.sp2","Insecta","Hemiptera","Auchenorrhyncha","Membracoidea","Cicadellidae","Deltocephalinae","Caffrolix",NA
"Caffrolix.sp3","Insecta","Hemiptera","Auchenorrhyncha","Membracoidea","Cicadellidae","Deltocephalinae","Caffrolix",NA
"Caffrolix.sp4","Insecta","Hemiptera","Auchenorrhyncha","Membracoidea","Cicadellidae","Deltocephalinae","Caffrolix",NA
"Camillina.sp1","Arachnida","Araneae","Araneomorphae",NA,"Gnaphosidae",NA,"Camillina",NA
"Camillina.sp2","Arachnida","Araneae","Araneomorphae",NA,"Gnaphosidae",NA,"Camillina",NA
"Capoideus.cruciatus","Insecta","Hemiptera","Auchenorrhyncha","Membracoidea","Cicadellidae","Deltocephalinae","Capoideus","Capoideus.cruciatus"
"Carabidae.sp1","Insecta","Coleoptera","Adephaga","Caraboidea","Carabidae",NA,NA,NA
"Carabidae.sp2","Insecta","Coleoptera","Adephaga","Caraboidea","Carabidae",NA,NA,NA
"Carabidae.sp3","Insecta","Coleoptera","Adephaga","Caraboidea","Carabidae",NA,NA,NA
"Cecidomyiidae.sp1","Insecta","Diptera","Nematocera","Sciaroidea","Cecidomyiidae",NA,NA,NA
"Cecidomyiidae.sp3","Insecta","Diptera","Nematocera","Sciaroidea","Cecidomyiidae",NA,NA,NA
"Cecidomyiidae.sp4","Insecta","Diptera","Nematocera","Sciaroidea","Cecidomyiidae",NA,NA,NA
"Cephalelini.sp1","Insecta","Hemiptera","Auchenorrhyncha","Membracoidea","Cicadellidae","Ulopinae",NA,NA
"Cephalelini.sp2","Insecta","Hemiptera","Auchenorrhyncha","Membracoidea","Cicadellidae","Ulopinae",NA,NA
"Cephalelini.sp3","Insecta","Hemiptera","Auchenorrhyncha","Membracoidea","Cicadellidae","Ulopinae",NA,NA
"Cephalelini.sp4","Insecta","Hemiptera","Auchenorrhyncha","Membracoidea","Cicadellidae","Ulopinae",NA,NA
"Cephalelini.sp5","Insecta","Hemiptera","Auchenorrhyncha","Membracoidea","Cicadellidae","Ulopinae",NA,NA
"Cephalelini.sp6","Insecta","Hemiptera","Auchenorrhyncha","Membracoidea","Cicadellidae","Ulopinae",NA,NA
"Cerambycidae.sp1","Insecta","Coleoptera","Polyphaga","Chrysomeloidea","Cerambycidae",NA,NA,NA
"Ceratinopsis.sp1","Arachnida","Araneae","Araneomorphae","Araneoidea","Linyphiidae",NA,"Ceratinopsis",NA
"Ceratinopsis.sp2","Arachnida","Araneae","Araneomorphae","Araneoidea","Linyphiidae",NA,"Ceratinopsis",NA
"Chamaemyiidae.sp","Insecta","Diptera","Brachycera","Lauxanioidea","Chamaemyiidae",NA,NA,NA
"Chariobas.lineatus","Arachnida","Araneae","Araneomorphae",NA,"Zodariidae",NA,"Chariobas","Chariobas.lineatus"
"Cheiracanthium.sp","Arachnida","Araneae","Araneomorphae",NA,"Eutichuridae",NA,"Cheiracanthium",NA
"Chloropidea.sp","Insecta","Diptera","Brachycera","Carnoidea","Chloropidae",NA,NA,NA
"Chilocorus.negritus","Insecta","Coleoptera","Polyphaga","Cucujoidea","Coccinellidae","Chilocorinae","Chilocorus","Chilocorus.negritus"
"Chrysomelidae.sp1","Insecta","Coleoptera","Polyphaga","Chrysomeloidea","Chrysomelidae",NA,NA,NA
"Chrysomelidae.sp10","Insecta","Coleoptera","Polyphaga","Chrysomeloidea","Chrysomelidae",NA,NA,NA
"Chrysomelidae.sp11","Insecta","Coleoptera","Polyphaga","Chrysomeloidea","Chrysomelidae",NA,NA,NA
"Chrysomelidae.sp16","Insecta","Coleoptera","Polyphaga","Chrysomeloidea","Chrysomelidae",NA,NA,NA
"Chrysomelidae.sp17","Insecta","Coleoptera","Polyphaga","Chrysomeloidea","Chrysomelidae",NA,NA,NA
"Chrysomelidae.sp2","Insecta","Coleoptera","Polyphaga","Chrysomeloidea","Chrysomelidae",NA,NA,NA
"Chrysomelidae.sp3","Insecta","Coleoptera","Polyphaga","Chrysomeloidea","Chrysomelidae",NA,NA,NA
"Chrysomelidae.sp4","Insecta","Coleoptera","Polyphaga","Chrysomeloidea","Chrysomelidae",NA,NA,NA
"Chrysomelidae.sp5","Insecta","Coleoptera","Polyphaga","Chrysomeloidea","Chrysomelidae",NA,NA,NA
"Chrysomelidae.sp6","Insecta","Coleoptera","Polyphaga","Chrysomeloidea","Chrysomelidae",NA,NA,NA
"Chrysomelidae.sp7","Insecta","Coleoptera","Polyphaga","Chrysomeloidea","Chrysomelidae",NA,NA,NA
"Chrysomelidae.sp8","Insecta","Coleoptera","Polyphaga","Chrysomeloidea","Chrysomelidae",NA,NA,NA
"Chrysomelidae.sp9","Insecta","Coleoptera","Polyphaga","Chrysomeloidea","Chrysomelidae",NA,NA,NA
"Chrysomelinae.sp1","Insecta","Coleoptera","Polyphaga","Chrysomeloidea","Chrysomelidae","Chrysomelinae",NA,NA
"Chrysomelinae.sp2","Insecta","Coleoptera","Polyphaga","Chrysomeloidea","Chrysomelidae","Chrysomelinae",NA,NA
"Chrysomelinae.sp3","Insecta","Coleoptera","Polyphaga","Chrysomeloidea","Chrysomelidae","Chrysomelinae",NA,NA
"Chrysomelinae.sp4","Insecta","Coleoptera","Polyphaga","Chrysomeloidea","Chrysomelidae","Chrysomelinae",NA,NA
"Chrysomelinae.sp5","Insecta","Coleoptera","Polyphaga","Chrysomeloidea","Chrysomelidae","Chrysomelinae",NA,NA
"Chrysopidae.sp1","Insecta","Neuroptera","Hemerobiiformia","Chrysopoidea","Chrysopidae",NA,NA,NA
"Cicadellidae.sp1","Insecta","Hemiptera","Auchenorrhyncha","Membracoidea","Cicadellidae",NA,NA,NA
"Cicadellidae.sp2","Insecta","Hemiptera","Auchenorrhyncha","Membracoidea","Cicadellidae",NA,NA,NA
"Cicadellidae.sp3","Insecta","Hemiptera","Auchenorrhyncha","Membracoidea","Cicadellidae",NA,NA,NA
"Cicadellidae.sp4","Insecta","Hemiptera","Auchenorrhyncha","Membracoidea","Cicadellidae",NA,NA,NA
"Cicadellidae.sp5","Insecta","Hemiptera","Auchenorrhyncha","Membracoidea","Cicadellidae",NA,NA,NA
"Cicadellidae.sp7","Insecta","Hemiptera","Auchenorrhyncha","Membracoidea","Cicadellidae",NA,NA,NA
"Cicadellidae.sp8","Insecta","Hemiptera","Auchenorrhyncha","Membracoidea","Cicadellidae",NA,NA,NA
"Cleridae.sp1","Insecta","Coleoptera","Polyphaga","Cleroidea","Cleridae",NA,NA,NA
"Cleridae.sp2","Insecta","Coleoptera","Polyphaga","Cleroidea","Cleridae",NA,NA,NA
"Cleridae.sp3","Insecta","Coleoptera","Polyphaga","Cleroidea","Cleridae",NA,NA,NA
"Clonia.sp","Insecta","Orthoptera","Ensifera","Tettigonioidea","Tettigoniidae","Saginae","Clonia",NA
"Clubiona.abbajensis","Arachnida","Araneae","Araneomorphae",NA,"Clubionidae",NA,"Clubiona","Clubiona.abbajensis"
"Clubiona.sp1","Arachnida","Araneae","Araneomorphae",NA,"Clubionidae",NA,"Clubiona",NA
"Clubiona.sp10","Arachnida","Araneae","Araneomorphae",NA,"Clubionidae",NA,"Clubiona",NA
"Clubiona.sp11","Arachnida","Araneae","Araneomorphae",NA,"Clubionidae",NA,"Clubiona",NA
"Clubiona.sp12","Arachnida","Araneae","Araneomorphae",NA,"Clubionidae",NA,"Clubiona",NA
"Clubiona.sp2","Arachnida","Araneae","Araneomorphae",NA,"Clubionidae",NA,"Clubiona",NA
"Clubiona.sp3","Arachnida","Araneae","Araneomorphae",NA,"Clubionidae",NA,"Clubiona",NA
"Clubiona.sp4","Arachnida","Araneae","Araneomorphae",NA,"Clubionidae",NA,"Clubiona",NA
"Clubiona.sp5","Arachnida","Araneae","Araneomorphae",NA,"Clubionidae",NA,"Clubiona",NA
"Clubiona.sp7","Arachnida","Araneae","Araneomorphae",NA,"Clubionidae",NA,"Clubiona",NA
"Clubiona.sp8","Arachnida","Araneae","Araneomorphae",NA,"Clubionidae",NA,"Clubiona",NA
"Clubiona.sp9","Arachnida","Araneae","Araneomorphae",NA,"Clubionidae",NA,"Clubiona",NA
"Coccinellidae.sp1","Insecta","Coleoptera","Polyphaga","Cucujoidea","Coccinellidae",NA,NA,NA
"Coccinellidae.sp2","Insecta","Coleoptera","Polyphaga","Cucujoidea","Coccinellidae",NA,NA,NA
"Coccinellidae.sp3","Insecta","Coleoptera","Polyphaga","Cucujoidea","Coccinellidae",NA,NA,NA
"Coccinellidae.sp4","Insecta","Coleoptera","Polyphaga","Cucujoidea","Coccinellidae",NA,NA,NA
"Coccinellidae.sp5","Insecta","Coleoptera","Polyphaga","Cucujoidea","Coccinellidae",NA,NA,NA
"Coccinellidae.sp6","Insecta","Coleoptera","Polyphaga","Cucujoidea","Coccinellidae",NA,NA,NA
"Coccinellidae.sp7","Insecta","Coleoptera","Polyphaga","Cucujoidea","Coccinellidae",NA,NA,NA
"Coccinellidae.sp8","Insecta","Coleoptera","Polyphaga","Cucujoidea","Coccinellidae",NA,NA,NA
"Coccinellidae.sp9","Insecta","Coleoptera","Polyphaga","Cucujoidea","Coccinellidae",NA,NA,NA
"Coccoidea.sp2","Insecta","Hemiptera","Sternorrhyncha","Coccoidea",NA,NA,NA,NA
"Coccoidea.sp3","Insecta","Hemiptera","Sternorrhyncha","Coccoidea",NA,NA,NA,NA
"Coccoidea.sp4","Insecta","Hemiptera","Sternorrhyncha","Coccoidea",NA,NA,NA,NA
"Coccoidea.sp5","Insecta","Hemiptera","Sternorrhyncha","Coccoidea",NA,NA,NA,NA
"Coleosoma.sp","Arachnida","Araneae","Araneomorphae","Araneoidea","Theridiidae",NA,"Coleosoma",NA
"Coniopterygidae.sp1","Insecta","Neuroptera","Hemerobiiformia","Coniopterygoidea","Coniopterygidae",NA,NA,NA
"Coniopterygidae.sp2","Insecta","Neuroptera","Hemerobiiformia","Coniopterygoidea","Coniopterygidae",NA,NA,NA
"Coniopterygidae.sp3","Insecta","Neuroptera","Hemerobiiformia","Coniopterygoidea","Coniopterygidae",NA,NA,NA
"Coniopterygidae.sp4","Insecta","Neuroptera","Hemerobiiformia","Coniopterygoidea","Coniopterygidae",NA,NA,NA
"Coniopterygidae.sp5","Insecta","Neuroptera","Hemerobiiformia","Coniopterygoidea","Coniopterygidae",NA,NA,NA
"Cyatholipus.quadrimaculatus","Arachnida","Araneae","Araneomorphae","Araneoidea","Cyatholipidae",NA,"Cyatholipus","Cyatholipus.quadrimaculatus"
"Cybocephalus.sp","Insecta","Coleoptera","Polyphaga","Cucujoidea","Cybocephalidae",NA,"Cybocephalus",NA
"Cyclosa.sp","Arachnida","Araneae","Araneomorphae","Araneoidea","Araneidae",NA,"Cyclosa",NA
"Cyrtophora.citricola","Arachnida","Araneae","Araneomorphae","Araneoidea","Araneidae",NA,"Cyrtophora","Cyrtophora.citricola"
"Delphacidae.sp1","Insecta","Hemiptera","Auchenorrhyncha","Fulgoroidea","Delphacidae",NA,NA,NA
"Delphacidae.sp2","Insecta","Hemiptera","Auchenorrhyncha","Fulgoroidea","Delphacidae",NA,NA,NA
"Delphacidae.sp3","Insecta","Hemiptera","Auchenorrhyncha","Fulgoroidea","Delphacidae",NA,NA,NA
"Delphacidae.sp4","Insecta","Hemiptera","Auchenorrhyncha","Fulgoroidea","Delphacidae",NA,NA,NA
"Delphacidae.sp5","Insecta","Hemiptera","Auchenorrhyncha","Fulgoroidea","Delphacidae",NA,NA,NA
"Delphacidae.sp6","Insecta","Hemiptera","Auchenorrhyncha","Fulgoroidea","Delphacidae",NA,NA,NA
"Delphacidae.sp7","Insecta","Hemiptera","Auchenorrhyncha","Fulgoroidea","Delphacidae",NA,NA,NA
"Delphacidae.sp8","Insecta","Hemiptera","Auchenorrhyncha","Fulgoroidea","Delphacidae",NA,NA,NA
"Deltocephalinae.sp1","Insecta","Hemiptera","Auchenorrhyncha","Membracoidea","Cicadellidae","Deltocephalinae",NA,NA
"Deltocephalinae.sp10","Insecta","Hemiptera","Auchenorrhyncha","Membracoidea","Cicadellidae","Deltocephalinae",NA,NA
"Deltocephalinae.sp11","Insecta","Hemiptera","Auchenorrhyncha","Membracoidea","Cicadellidae","Deltocephalinae",NA,NA
"Deltocephalinae.sp12","Insecta","Hemiptera","Auchenorrhyncha","Membracoidea","Cicadellidae","Deltocephalinae",NA,NA
"Deltocephalinae.sp13","Insecta","Hemiptera","Auchenorrhyncha","Membracoidea","Cicadellidae","Deltocephalinae",NA,NA
"Deltocephalinae.sp14","Insecta","Hemiptera","Auchenorrhyncha","Membracoidea","Cicadellidae","Deltocephalinae",NA,NA
"Deltocephalinae.sp15","Insecta","Hemiptera","Auchenorrhyncha","Membracoidea","Cicadellidae","Deltocephalinae",NA,NA
"Deltocephalinae.sp16","Insecta","Hemiptera","Auchenorrhyncha","Membracoidea","Cicadellidae","Deltocephalinae",NA,NA
"Deltocephalinae.sp17","Insecta","Hemiptera","Auchenorrhyncha","Membracoidea","Cicadellidae","Deltocephalinae",NA,NA
"Deltocephalinae.sp18","Insecta","Hemiptera","Auchenorrhyncha","Membracoidea","Cicadellidae","Deltocephalinae",NA,NA
"Deltocephalinae.sp2","Insecta","Hemiptera","Auchenorrhyncha","Membracoidea","Cicadellidae","Deltocephalinae",NA,NA
"Deltocephalinae.sp3","Insecta","Hemiptera","Auchenorrhyncha","Membracoidea","Cicadellidae","Deltocephalinae",NA,NA
"Deltocephalinae.sp4","Insecta","Hemiptera","Auchenorrhyncha","Membracoidea","Cicadellidae","Deltocephalinae",NA,NA
"Deltocephalinae.sp5","Insecta","Hemiptera","Auchenorrhyncha","Membracoidea","Cicadellidae","Deltocephalinae",NA,NA
"Deltocephalinae.sp6","Insecta","Hemiptera","Auchenorrhyncha","Membracoidea","Cicadellidae","Deltocephalinae",NA,NA
"Deltocephalinae.sp7","Insecta","Hemiptera","Auchenorrhyncha","Membracoidea","Cicadellidae","Deltocephalinae",NA,NA
"Deltocephalinae.sp8","Insecta","Hemiptera","Auchenorrhyncha","Membracoidea","Cicadellidae","Deltocephalinae",NA,NA
"Deltocephalinae.sp9","Insecta","Hemiptera","Auchenorrhyncha","Membracoidea","Cicadellidae","Deltocephalinae",NA,NA
"Diaea.puncta","Arachnida","Araneae","Araneomorphae",NA,"Thomisidae",NA,"Diaea","Diaea.puncta"
"Dolichopodidae.sp1","Insecta","Diptera","Brachycera","Empidoidea","Dolichopodidae",NA,NA,NA
"Dolichopodidae.sp2","Insecta","Diptera","Brachycera","Empidoidea","Dolichopodidae",NA,NA,NA
"Dolichopodidae.sp3","Insecta","Diptera","Brachycera","Empidoidea","Dolichopodidae",NA,NA,NA
"Dolichopodidae.sp4","Insecta","Diptera","Brachycera","Empidoidea","Dolichopodidae",NA,NA,NA
"Dolichopodidae.sp5","Insecta","Diptera","Brachycera","Dolichopodidae","Dolichopodidae",NA,NA,NA
"Elateridae.sp1","Insecta","Coleoptera","Polyphaga","Elateroidea","Elateridae",NA,NA,NA
"Elateridae.sp2","Insecta","Coleoptera","Polyphaga","Elateroidea","Elateridae",NA,NA,NA
"Elateridae.sp3","Insecta","Coleoptera","Polyphaga","Elateroidea","Elateridae",NA,NA,NA
"Emesinae.sp1","Insecta","Hemiptera","Heteroptera","Reduvioidea","Reduviidae","Emesinae",NA,NA
"Emesinae.sp2","Insecta","Hemiptera","Heteroptera","Reduvioidea","Reduviidae","Emesinae",NA,NA
"Empusidae.sp1","Insecta","Mantodea",NA,NA,"Empusidae",NA,NA,NA
"Empusidae.sp2","Insecta","Mantodea",NA,NA,"Empusidae",NA,NA,NA
"Enoplognatha.molesta","Arachnida","Araneae","Araneomorphae","Araneoidea","Theridiidae",NA,"Enoplognatha","Enoplognatha.molesta"
"Enoplognatha.sp1","Arachnida","Araneae","Araneomorphae","Araneoidea","Theridiidae",NA,"Enoplognatha",NA
"Enoplognatha.sp2","Arachnida","Araneae","Araneomorphae","Araneoidea","Theridiidae",NA,"Enoplognatha",NA
"Enoplognatha.sp3","Arachnida","Araneae","Araneomorphae","Araneoidea","Theridiidae",NA,"Enoplognatha",NA
"Enoplognatha.sp4","Arachnida","Araneae","Araneomorphae","Araneoidea","Theridiidae",NA,"Enoplognatha",NA
"Enoplognatha.sp5","Arachnida","Araneae","Araneomorphae",NA,"Theridiidae",NA,"Enoplognatha",NA
"Enoplognatha.sp6","Arachnida","Araneae","Araneomorphae","Araneoidea","Theridiidae",NA,"Enoplognatha",NA
"Enoplognatha.sp7","Arachnida","Araneae","Araneomorphae","Araneoidea","Theridiidae",NA,"Enoplognatha",NA
"Epilachninae.sp","Insecta","Coleoptera","Polyphaga","Cucujoidea","Coccinellidae","Epilachninae",NA,NA
"Eremus.sp","Insecta","Orthoptera","Ensifera","Stenopelmatoidea","Gryllacrididae",NA,"Eremus",NA
"Eumolpinae.sp1","Insecta","Coleoptera","Polyphaga","Chrysomeloidea","Chrysomelidae","Eumolpinae",NA,NA
"Eumolpinae.sp2","Insecta","Coleoptera","Polyphaga","Chrysomeloidea","Chrysomelidae","Eumolpinae",NA,NA
"Eumolpinae.sp3","Insecta","Coleoptera","Polyphaga","Chrysomeloidea","Chrysomelidae","Eumolpinae",NA,NA
"Eumolpinae.sp4","Insecta","Coleoptera","Polyphaga","Chrysomeloidea","Chrysomelidae","Eumolpinae",NA,NA
"Euprosthenopsis.sp1","Arachnida","Araneae","Araneomorphae",NA,"Pisauridae",NA,"Euprosthenopsis",NA
"Euprosthenopsis.sp2","Arachnida","Araneae","Araneomorphae",NA,"Pisauridae",NA,"Euprosthenopsis",NA
"Euryophis.sp","Arachnida","Araneae","Araneomorphae",NA,"Salticidae",NA,"Euryophis",NA
"Euryopis.sp","Arachnida","Araneae","Araneomorphae","Araneoidea","Theridiidae",NA,"Euryopis",NA
"Eurytomidae.sp1","Insecta","Hymenoptera","Apocrita","Chalcidoidea","Eurytomidae",NA,NA,NA
"Eurytomidae.sp2","Insecta","Hymenoptera","Apocrita","Chalcidoidea","Eurytomidae",NA,NA,NA
"Eurytomidae.sp3","Insecta","Hymenoptera","Apocrita","Chalcidoidea","Eurytomidae",NA,NA,NA
"Eurytomidae.sp4","Insecta","Hymenoptera","Apocrita","Chalcidoidea","Eurytomidae",NA,NA,NA
"Eurytomidae.sp5","Insecta","Hymenoptera","Apocrita","Chalcidoidea","Eurytomidae",NA,NA,NA
"Evarcha.sp","Arachnida","Araneae","Araneomorphae",NA,"Salticidae",NA,"Evarcha",NA
"Firmicus.sp","Arachnida","Araneae","Araneomorphae",NA,"Thomisidae",NA,"Firmicus",NA
"Frontinellina.sp","Arachnida","Araneae","Araneomorphae","Araneoidea","Linyphiidae",NA,"Frontinellina",NA
"Fulgoridae.sp1","Insecta","Hemiptera","Auchenorrhyncha","Fulgoroidea","Fulgoridae",NA,NA,NA
"Fulgoridae.sp10","Insecta","Hemiptera","Auchenorrhyncha","Fulgoroidea","Fulgoridae",NA,NA,NA
"Fulgoridae.sp2","Insecta","Hemiptera","Auchenorrhyncha","Fulgoroidea","Fulgoridae",NA,NA,NA
"Fulgoridae.sp3","Insecta","Hemiptera","Auchenorrhyncha","Fulgoroidea","Fulgoridae",NA,NA,NA
"Fulgoridae.sp4","Insecta","Hemiptera","Auchenorrhyncha","Fulgoroidea","Fulgoridae",NA,NA,NA
"Fulgoridae.sp5","Insecta","Hemiptera","Auchenorrhyncha","Fulgoroidea","Fulgoridae",NA,NA,NA
"Fulgoridae.sp6","Insecta","Hemiptera","Auchenorrhyncha","Fulgoroidea","Fulgoridae",NA,NA,NA
"Fulgoridae.sp7","Insecta","Hemiptera","Auchenorrhyncha","Fulgoroidea","Fulgoridae",NA,NA,NA
"Fulgoridae.sp8","Insecta","Hemiptera","Auchenorrhyncha","Fulgoroidea","Fulgoridae",NA,NA,NA
"Fulgoridae.sp9","Insecta","Hemiptera","Auchenorrhyncha","Fulgoroidea","Fulgoridae",NA,NA,NA
"Fulgoroidea.sp1","Insecta","Hemiptera","Auchenorrhyncha","Fulgoroidea",NA,NA,NA,NA
"Fulgoroidea.sp2","Insecta","Hemiptera","Auchenorrhyncha","Fulgoroidea",NA,NA,NA,NA
"Fulgoroidea.sp3","Insecta","Hemiptera","Auchenorrhyncha","Fulgoroidea",NA,NA,NA,NA
"Fulgoroidea.sp4","Insecta","Hemiptera","Auchenorrhyncha","Fulgoroidea",NA,NA,NA,NA
"Fulgoroidea.sp5","Insecta","Hemiptera","Auchenorrhyncha","Fulgoroidea",NA,NA,NA,NA
"Fulgoroidea.sp6","Insecta","Hemiptera","Auchenorrhyncha","Fulgoroidea",NA,NA,NA,NA
"Fulgoroidea.sp7","Insecta","Hemiptera","Auchenorrhyncha","Fulgoroidea",NA,NA,NA,NA
"Fulgoroidea.sp8","Insecta","Hemiptera","Auchenorrhyncha","Fulgoroidea",NA,NA,NA,NA
"Fulgoroidea.sp9","Insecta","Hemiptera","Auchenorrhyncha","Fulgoroidea",NA,NA,NA,NA
"Gamergomorphus.sp1","Insecta","Hemiptera","Auchenorrhyncha","Fulgoroidea","Issidae",NA,"Gamergomorphus",NA
"Gelechioidea.sp1","Insecta","Lepidoptera","Glossata","Gelechioidea",NA,NA,NA,NA
"Gelechioidea.sp2","Insecta","Lepidoptera","Glossata","Gelechioidea",NA,NA,NA,NA
"Gelechioidea.sp3","Insecta","Lepidoptera","Glossata","Gelechioidea",NA,NA,NA,NA
"Gelechioidea.sp4","Insecta","Lepidoptera","Glossata","Gelechioidea",NA,NA,NA,NA
"Geometridae.sp1","Insecta","Lepidoptera","Glossata","Geometroidea","Geometridae",NA,NA,NA
"Geometridae.sp2","Insecta","Lepidoptera","Glossata","Geometroidea","Geometridae",NA,NA,NA
"Geometridae.sp3","Insecta","Lepidoptera","Glossata","Geometroidea","Geometridae",NA,NA,NA
"Geometridae.sp4","Insecta","Lepidoptera","Glossata","Geometroidea","Geometridae",NA,NA,NA
"Geometridae.sp5","Insecta","Lepidoptera","Glossata","Geometroidea","Geometridae",NA,NA,NA
"Gracillariidae.sp","Insecta","Lepidoptera","Glossata","Gracillarioidea","Gracillariidae",NA,NA,NA
"Grillacrididae.sp1","Insecta","Orthoptera","Ensifera","Stenopelmatoidea","Gryllacrididae",NA,NA,NA
"Gryllidae.sp1","Insecta","Orthoptera","Ensifera","Grylloidea","Gryllidae",NA,NA,NA
"Gryllidae.sp2","Insecta","Orthoptera","Ensifera","Grylloidea","Gryllidae",NA,NA,NA
"Gryllacrididae.sp2","Insecta","Orthoptera","Ensifera","Stenopelmatoidea","Gryllacrididae",NA,NA,NA
"Heliophanus.sp1","Arachnida","Araneae","Araneomorphae",NA,"Salticidae",NA,"Heliophanus",NA
"Heliophanus.sp2","Arachnida","Araneae","Araneomorphae",NA,"Salticidae",NA,"Heliophanus",NA
"Heliophanus.sp3","Arachnida","Araneae","Araneomorphae",NA,"Salticidae",NA,"Heliophanus",NA
"Heliophanus.sp4","Arachnida","Araneae","Araneomorphae",NA,"Salticidae",NA,"Heliophanus",NA
"Heliophanus.sp5","Arachnida","Araneae","Araneomorphae",NA,"Salticidae",NA,"Heliophanus",NA
"Heliophanus.sp6","Arachnida","Araneae","Araneomorphae",NA,"Salticidae",NA,"Heliophanus",NA
"Hemerobiidae.sp","Insecta","Neuroptera","Hemerobiiformia","Hemerobioidea","Hemerobiidae",NA,NA,NA
"Heteroptera.sp6","Insecta","Hemiptera","Heteroptera",NA,NA,NA,NA,NA
"Heteroptera.sp3","Insecta","Hemiptera","Heteroptera",NA,NA,NA,NA,NA
"Heteroptera.sp5","Insecta","Hemiptera","Heteroptera",NA,NA,NA,NA,NA
"Hewittia.gracilis","Arachnida","Araneae","Araneomorphae",NA,"Thomisidae",NA,"Hewittia","Hewittia.gracilis"
"Hopliini.sp1","Insecta","Coleoptera","Polyphaga","Scarabaeoidea","Scarabaeidae","Rutelinae",NA,NA
"Hopliini.sp2","Insecta","Coleoptera","Polyphaga","Scarabaeoidea","Scarabaeidae","Rutelinae",NA,NA
"Hopliini.sp3","Insecta","Coleoptera","Polyphaga","Scarabaeoidea","Scarabaeidae","Rutelinae",NA,NA
"Hopliini.sp4","Insecta","Coleoptera","Polyphaga","Scarabaeoidea","Scarabaeidae","Rutelinae",NA,NA
"Houtbayana.sp","Insecta","Hemiptera","Auchenorrhyncha","Membracoidea","Cicadellidae","Deltocephalinae","Houtbayana",NA
"Hyllus.dotatus","Arachnida","Araneae","Araneomorphae",NA,"Salticidae",NA,"Hyllus","Hyllus.dotatus"
"Hypsosinga.sp","Arachnida","Araneae","Araneomorphae","Araneoidea","Araneidae",NA,"Hypsosinga",NA
"Issidae.sp2","Insecta","Hemiptera","Auchenorrhyncha","Fulgoroidea","Issidae",NA,NA,NA
"Lamprosomatinae.sp1","Insecta","Coleoptera","Polyphaga","Chrysomeloidea","Chrysomelidae","Lamprosomatinae",NA,NA
"Lamprosomatinae.sp2","Insecta","Coleoptera","Polyphaga","Chrysomeloidea","Chrysomelidae","Lamprosomatinae",NA,NA
"Larinia.bifida","Arachnida","Araneae","Araneomorphae","Araneoidea","Araneidae",NA,"Larinia","Larinia.bifida"
"Ledrinae.sp","Insecta","Hemiptera","Auchenorrhyncha","Membracoidea","Cicadellidae","Ledrinae",NA,NA
"Lepidoptera.sp1","Insecta","Lepidoptera",NA,NA,NA,NA,NA,NA
"Lepidoptera.sp10","Insecta","Lepidoptera",NA,NA,NA,NA,NA,NA
"Lepidoptera.sp11","Insecta","Lepidoptera",NA,NA,NA,NA,NA,NA
"Lepidoptera.sp12","Insecta","Lepidoptera",NA,NA,NA,NA,NA,NA
"Lepidoptera.sp13","Insecta","Lepidoptera",NA,NA,NA,NA,NA,NA
"Lepidoptera.sp14","Insecta","Lepidoptera",NA,NA,NA,NA,NA,NA
"Lepidoptera.sp15","Insecta","Lepidoptera",NA,NA,NA,NA,NA,NA
"Lepidoptera.sp16","Insecta","Lepidoptera",NA,NA,NA,NA,NA,NA
"Lepidoptera.sp17","Insecta","Lepidoptera",NA,NA,NA,NA,NA,NA
"Lepidoptera.sp18","Insecta","Lepidoptera",NA,NA,NA,NA,NA,NA
"Lepidoptera.sp19","Insecta","Lepidoptera",NA,NA,NA,NA,NA,NA
"Lepidoptera.sp2","Insecta","Lepidoptera",NA,NA,NA,NA,NA,NA
"Lepidoptera.sp20","Insecta","Lepidoptera",NA,NA,NA,NA,NA,NA
"Lepidoptera.sp21","Insecta","Lepidoptera",NA,NA,NA,NA,NA,NA
"Lepidoptera.sp22","Insecta","Lepidoptera",NA,NA,NA,NA,NA,NA
"Lepidoptera.sp23","Insecta","Lepidoptera",NA,NA,NA,NA,NA,NA
"Lepidoptera.sp24","Insecta","Lepidoptera",NA,NA,NA,NA,NA,NA
"Lepidoptera.sp25","Insecta","Lepidoptera",NA,NA,NA,NA,NA,NA
"Lepidoptera.sp26","Insecta","Lepidoptera","Glossata",NA,NA,NA,NA,NA
"Lepidoptera.sp27","Insecta","Lepidoptera",NA,NA,NA,NA,NA,NA
"Lepidoptera.sp3","Insecta","Lepidoptera",NA,NA,NA,NA,NA,NA
"Lepidoptera.sp4","Insecta","Lepidoptera",NA,NA,NA,NA,NA,NA
"Lepidoptera.sp5","Insecta","Lepidoptera",NA,NA,NA,NA,NA,NA
"Lepidoptera.sp6","Insecta","Lepidoptera",NA,NA,NA,NA,NA,NA
"Lepidoptera.sp7","Insecta","Lepidoptera",NA,NA,NA,NA,NA,NA
"Lepidoptera.sp8","Insecta","Lepidoptera",NA,NA,NA,NA,NA,NA
"Leucauge.festiva","Arachnida","Araneae","Araneomorphae","Araneoidea","Tetragnathidae",NA,"Leucauge","Leucauge.festiva"
"Linyphiidae.sp1","Arachnida","Araneae","Araneomorphae","Araneoidea","Linyphiidae",NA,NA,NA
"Linyphiidae.sp2","Arachnida","Araneae","Araneomorphae","Araneoidea","Linyphiidae",NA,NA,NA
"Lygaeidae.sp1","Insecta","Hemiptera","Heteroptera","Lygaeoidea","Lygaeidae",NA,NA,NA
"Lygaeidae.sp10","Insecta","Hemiptera","Heteroptera","Lygaeoidea","Lygaeidae",NA,NA,NA
"Lygaeidae.sp11","Insecta","Hemiptera","Heteroptera","Lygaeoidea","Lygaeidae",NA,NA,NA
"Lygaeidae.sp12","Insecta","Hemiptera","Heteroptera","Lygaeoidea","Lygaeidae",NA,NA,NA
"Lygaeidae.sp13","Insecta","Hemiptera","Heteroptera","Lygaeoidea","Lygaeidae",NA,NA,NA
"Lygaeidae.sp14","Insecta","Hemiptera","Heteroptera","Lygaeoidea","Lygaeidae",NA,NA,NA
"Lygaeidae.sp16","Insecta","Hemiptera","Heteroptera","Lygaeoidea","Lygaeidae",NA,NA,NA
"Lygaeidae.sp2","Insecta","Hemiptera","Heteroptera","Lygaeoidea","Lygaeidae",NA,NA,NA
"Lygaeidae.sp3","Insecta","Hemiptera","Heteroptera","Lygaeoidea","Lygaeidae",NA,NA,NA
"Lygaeidae.sp4","Insecta","Hemiptera","Heteroptera","Lygaeoidea","Lygaeidae",NA,NA,NA
"Lygaeidae.sp5","Insecta","Hemiptera","Heteroptera","Lygaeoidea","Lygaeidae",NA,NA,NA
"Lygaeidae.sp6","Insecta","Hemiptera","Heteroptera","Lygaeoidea","Lygaeidae",NA,NA,NA
"Lygaeidae.sp7","Insecta","Hemiptera","Heteroptera","Lygaeoidea","Lygaeidae",NA,NA,NA
"Lygaeidae.sp8","Insecta","Hemiptera","Heteroptera","Lygaeoidea","Lygaeidae",NA,NA,NA
"Lygaeidae.sp9","Insecta","Hemiptera","Heteroptera","Lygaeoidea","Lygaeidae",NA,NA,NA
"Mantispidae.sp","Insecta","Neuroptera","Hemerobiiformia","Mantispoidea","Mantispidae",NA,NA,NA
"Massagris.sp","Arachnida","Araneae","Araneomorphae",NA,"Salticidae",NA,"Massagris",NA
"Meloidae.sp","Insecta","Coleoptera","Polyphaga","Tenebrionoidea","Meloidae",NA,NA,NA
"Membracidae.sp1","Insecta","Hemiptera","Auchenorrhyncha","Membracoidea","Membracidae",NA,NA,NA
"Menneus.capensis","Arachnida","Araneae","Araneomorphae",NA,"Deinopidae",NA,"Menneus","Menneus.capensis"
"Miagrammopes.sp","Arachnida","Araneae","Araneomorphae",NA,"Uloboridae",NA,"Miagrammopes",NA
"Microlinyphia.sp1","Arachnida","Araneae","Araneomorphae","Araneoidea","Linyphiidae",NA,"Microlinyphia",NA
"Microlinyphia.sp2","Arachnida","Araneae","Araneomorphae","Araneoidea","Linyphiidae",NA,"Microlinyphia",NA
"Miridae.sp1","Insecta","Hemiptera","Heteroptera","Miroidea","Miridae",NA,NA,NA
"Miridae.sp10","Insecta","Hemiptera","Heteroptera","Miroidea","Miridae",NA,NA,NA
"Miridae.sp11","Insecta","Hemiptera","Heteroptera","Miroidea","Miridae",NA,NA,NA
"Miridae.sp2","Insecta","Hemiptera","Heteroptera","Miroidea","Miridae",NA,NA,NA
"Miridae.sp3","Insecta","Hemiptera","Heteroptera","Miroidea","Miridae",NA,NA,NA
"Miridae.sp4","Insecta","Hemiptera","Heteroptera","Miroidea","Miridae",NA,NA,NA
"Miridae.sp5","Insecta","Hemiptera","Heteroptera","Miroidea","Miridae",NA,NA,NA
"Miridae.sp6","Insecta","Hemiptera","Heteroptera","Miroidea","Miridae",NA,NA,NA
"Miridae.sp7","Insecta","Hemiptera","Heteroptera","Miroidea","Miridae",NA,NA,NA
"Miridae.sp8","Insecta","Hemiptera","Heteroptera","Miroidea","Miridae",NA,NA,NA
"Miridae.sp9","Insecta","Hemiptera","Heteroptera","Miroidea","Miridae",NA,NA,NA
"Misumenops.rubrodecoratus","Arachnida","Araneae","Araneomorphae",NA,"Thomisidae",NA,"Misumenops","Misumenops.rubrodecoratus"
"Molopopterus.sp","Insecta","Hemiptera","Auchenorrhyncha","Membracoidea","Cicadellidae","Typhlocybinae","Molopopterus",NA
"Mordellidae.sp","Insecta","Coleoptera","Polyphaga","Tenebrionoidea","Mordellidae",NA,NA,NA
"Myrmarachne.sp","Arachnida","Araneae","Araneomorphae",NA,"Salticidae",NA,"Myrmarachne",NA
"Nabidae.sp1","Insecta","Hemiptera","Heteroptera","Cimicoidea","Nabidae",NA,NA,NA
"Nabidae.sp2","Insecta","Hemiptera","Heteroptera","Cimicoidea","Nabidae",NA,NA,NA
"Naudeus.bivittatus","Insecta","Hemiptera","Auchenorrhyncha","Membracoidea","Cicadellidae","Deltocephalinae","Naudeus","Naudeus.bivittatus"
"Nemoscolus.sp","Arachnida","Araneae","Araneomorphae","Araneoidea","Araneidae",NA,"Nemoscolus",NA
"Neoscona.blondeli","Arachnida","Araneae","Araneomorphae","Araneoidea","Araneidae",NA,"Neoscona","Neoscona.blondeli"
"Neoscona.sp1","Arachnida","Araneae","Araneomorphae","Araneoidea","Araneidae",NA,"Neoscona",NA
"Neoscona.sp2","Arachnida","Araneae","Araneomorphae","Araneoidea","Araneidae",NA,"Neoscona",NA
"Neoscona.sp3","Arachnida","Araneae","Araneomorphae","Araneoidea","Araneidae",NA,"Neoscona",NA
"Neoscona.sp4","Arachnida","Araneae","Araneomorphae","Araneoidea","Araneidae",NA,"Neoscona",NA
"Neoscona.subfusca","Arachnida","Araneae","Araneomorphae","Araneoidea","Araneidae",NA,"Neoscona","Neoscona.subfusca"
"Nogodinidae.sp1","Insecta","Hemiptera","Auchenorrhyncha","Fulgoroidea","Nogodinidae",NA,NA,NA
"Nogodinidae.sp2","Insecta","Hemiptera","Auchenorrhyncha","Fulgoroidea","Nogodinidae",NA,NA,NA
"Oecanthus.sp1","Insecta","Orthoptera","Ensifera","Grylloidea","Gryllidae","Oecanthinae","Oecanthus",NA
"Oecanthus.sp2","Insecta","Orthoptera","Ensifera","Grylloidea","Gryllidae","Oecanthinae","Oecanthus",NA
"Oecophoridae.sp1","Insecta","Lepidoptera","Glossata","Gelechioidea","Oecophoridae",NA,NA,NA
"Oecophoridae.sp2","Insecta","Lepidoptera","Glossata","Gelechioidea","Oecophoridae",NA,NA,NA
"Olios.sp","Arachnida","Araneae","Araneomorphae",NA,"Sparassidae",NA,"Olios",NA
"Oxycareninae.sp1","Insecta","Hemiptera","Heteroptera","Lygaeoidea","Oxycarenidae","Oxycareninae",NA,NA
"Oxycareninae.sp2","Insecta","Hemiptera","Heteroptera","Lygaeoidea","Oxycarenidae","Oxycareninae",NA,NA
"Oxycareninae.sp3","Insecta","Hemiptera","Heteroptera","Lygaeoidea","Oxycarenidae","Oxycareninae",NA,NA
"Oxyopes.bothai","Arachnida","Araneae","Araneomorphae",NA,"Oxyopidae",NA,"Oxyopes","Oxyopes.bothai"
"Oxyopes.sp","Arachnida","Araneae","Araneomorphae",NA,"Oxyopidae",NA,"Oxyopes",NA
"Pachygronthini.sp","Insecta","Hemiptera","Heteroptera","Lygaeoidea","Pachygronthidae","Pachygronthinae",NA,NA
"Pentatomidae.sp1","Insecta","Hemiptera","Heteroptera","Pentatomoidea","Pentatomidae","Pentatominae",NA,NA
"Pentatomidae.sp2","Insecta","Hemiptera","Heteroptera","Pentatomoidea","Pentatomidae","Pentatominae",NA,NA
"Pentatomidae.sp3","Insecta","Hemiptera","Heteroptera","Pentatomoidea","Pentatomidae","Pentatominae",NA,NA
"Pentatomidae.sp4","Insecta","Hemiptera","Heteroptera","Pentatomoidea","Pentatomidae",NA,NA,NA
"Pentatomidae.sp5","Insecta","Hemiptera","Heteroptera","Pentatomoidea","Pentatomidae",NA,NA,NA
"Pentatomidae.sp6","Insecta","Hemiptera","Heteroptera","Pentatomoidea","Pentatomidae",NA,NA,NA
"Pentatomidae.sp7","Insecta","Hemiptera","Heteroptera","Pentatomoidea","Pentatomidae",NA,NA,NA
"Pentatomidae.sp8","Insecta","Hemiptera","Heteroptera","Pentatomoidea","Pentatomidae",NA,NA,NA
"Peucetia.sp","Arachnida","Araneae","Araneomorphae",NA,"Oxyopidae",NA,"Peucetia",NA
"Phanerognatha.sp1","Insecta","Coleoptera","Polyphaga","Curculionoidea","Curculionidae","Phanerognatha",NA,NA
"Phanerognatha.sp2","Insecta","Coleoptera","Polyphaga","Curculionoidea","Curculionidae","Phanerognatha",NA,NA
"Phanerognatha.sp3","Insecta","Coleoptera","Polyphaga","Curculionoidea","Curculionidae","Phanerognatha",NA,NA
"Phanerognatha.sp4","Insecta","Coleoptera","Polyphaga","Curculionoidea","Curculionidae","Phanerognatha",NA,NA
"Phasmida.sp1","Insecta","Phasmida",NA,NA,NA,NA,NA,NA
"Phasmida.sp2","Insecta","Phasmida",NA,NA,NA,NA,NA,NA
"Pherecydes.tuberculatus","Arachnida","Araneae","Araneomorphae",NA,"Thomisidae",NA,"Pherecydes","Pherecydes.tuberculatus"
"Philodromus.epigynatus","Arachnida","Araneae","Araneomorphae",NA,"Philodromidae",NA,"Philodromus","Philodromus.epigynatus"
"Philodromus.guineensis","Arachnida","Araneae","Araneomorphae",NA,"Philodromidae",NA,"Philodromus","Philodromus.guineensis"
"Philodromus.sp2","Arachnida","Araneae","Araneomorphae",NA,"Philodromidae",NA,"Philodromus",NA
"Philodromus.sp3","Arachnida","Araneae","Araneomorphae",NA,"Philodromidae",NA,"Philodromus",NA
"Philodromus.sp4","Arachnida","Araneae","Araneomorphae",NA,"Philodromidae",NA,"Philodromus",NA
"Philodromus.sp5","Arachnida","Araneae","Araneomorphae",NA,"Philodromidae",NA,"Philodromus",NA
"Phlaeothripidae.sp1","Insecta","Thysanoptera","Tubulifera",NA,"Phlaeothripidae",NA,NA,NA
"Phlaeothripidae.sp10","Insecta","Thysanoptera","Tubulifera",NA,"Phlaeothripidae",NA,NA,NA
"Phlaeothripidae.sp11","Insecta","Thysanoptera","Tubulifera",NA,"Phlaeothripidae",NA,NA,NA
"Phlaeothripidae.sp12","Insecta","Thysanoptera","Tubulifera",NA,"Phlaeothripidae",NA,NA,NA
"Phlaeothripidae.sp13","Insecta","Thysanoptera","Tubulifera",NA,"Phlaeothripidae",NA,NA,NA
"Phlaeothripidae.sp2","Insecta","Thysanoptera","Tubulifera",NA,"Phlaeothripidae",NA,NA,NA
"Phlaeothripidae.sp3","Insecta","Thysanoptera","Tubulifera",NA,"Phlaeothripidae",NA,NA,NA
"Phlaeothripidae.sp4","Insecta","Thysanoptera","Tubulifera",NA,"Phlaeothripidae",NA,NA,NA
"Phlaeothripidae.sp5","Insecta","Thysanoptera","Tubulifera",NA,"Phlaeothripidae",NA,NA,NA
"Phlaeothripidae.sp6","Insecta","Thysanoptera","Tubulifera",NA,"Phlaeothripidae",NA,NA,NA
"Phlaeothripidae.sp7","Insecta","Thysanoptera","Tubulifera",NA,"Phlaeothripidae",NA,NA,NA
"Phlaeothripidae.sp8","Insecta","Thysanoptera","Tubulifera",NA,"Phlaeothripidae",NA,NA,NA
"Phlaeothripidae.sp9","Insecta","Thysanoptera","Tubulifera",NA,"Phlaeothripidae",NA,NA,NA
"Phrynarachne.melloleitaoi","Arachnida","Araneae","Araneomorphae",NA,"Thomisidae",NA,"Phrynarachne","Phrynarachne.melloleitaoi"
"Phrynarachne.sp","Arachnida","Araneae","Araneomorphae",NA,"Thomisidae",NA,"Phrynarachne",NA
"Plataspidae.sp","Insecta","Hemiptera","Heteroptera","Pentatomoidea","Plataspidae",NA,NA,NA
"Pria.sp1","Insecta","Coleoptera","Polyphaga","Cucujoidea","Nitidulidae","Meligethinae","Pria",NA
"Pria.sp2","Insecta","Coleoptera","Polyphaga","Cucujoidea","Nitidulidae","Meligethinae","Pria",NA
"Pria.sp3","Insecta","Coleoptera","Polyphaga","Cucujoidea","Nitidulidae","Meligethinae","Pria",NA
"Pria.sp4","Insecta","Coleoptera","Polyphaga","Cucujoidea","Nitidulidae","Meligethinae","Pria",NA
"Pria.sp5","Insecta","Coleoptera","Polyphaga","Cucujoidea","Nitidulidae","Meligethinae","Pria",NA
"Pria.sp6","Insecta","Coleoptera","Polyphaga","Cucujoidea","Nitidulidae","Meligethinae","Pria",NA
"Pseudococcidae.sp","Insecta","Hemiptera","Sternorrhyncha","Coccoidea","Pseudococcidae",NA,NA,NA
"Pseudoscorpion.spp","Arachnida","Pseudoscorpiones",NA,NA,NA,NA,NA,NA
"Psychidae.sp1","Insecta","Lepidoptera","Glossata","Tineoidea","Psychidae",NA,NA,NA
"Psychidae.sp2","Insecta","Lepidoptera","Glossata","Tineoidea","Psychidae",NA,NA,NA
"Psychidae.sp3","Insecta","Lepidoptera","Glossata","Tineoidea","Psychidae",NA,NA,NA
"Psyllidae.sp1","Insecta","Hemiptera","Sternorrhyncha","Psylloidea","Psyllidae",NA,NA,NA
"Psyllidae.sp2","Insecta","Hemiptera","Sternorrhyncha","Psylloidea","Psyllidae",NA,NA,NA
"Psyllidae.sp3","Insecta","Hemiptera","Sternorrhyncha","Psylloidea","Psyllidae",NA,NA,NA
"Psyllidae.sp4","Insecta","Hemiptera","Sternorrhyncha","Psylloidea","Psyllidae",NA,NA,NA
"Psyllidae.sp5","Insecta","Hemiptera","Sternorrhyncha","Psylloidea","Psyllidae",NA,NA,NA
"Psyllidae.sp6","Insecta","Hemiptera","Sternorrhyncha","Psylloidea","Psyllidae",NA,NA,NA
"Psyllidae.sp7","Insecta","Hemiptera","Sternorrhyncha","Psylloidea","Psyllidae",NA,NA,NA
"Psyllidae.sp8","Insecta","Hemiptera","Sternorrhyncha","Psylloidea","Psyllidae",NA,NA,NA
"Reduviidae.sp2","Insecta","Hemiptera","Heteroptera","Reduvioidea","Reduviidae",NA,NA,NA
"Restiobia.sp","Insecta","Hemiptera","Auchenorrhyncha","Membracoidea","Cicadellidae","Deltocephalinae","Restiobia",NA
"Rhaphidosominae.sp1","Insecta","Hemiptera","Heteroptera","Reduvioidea","Reduviidae","Rhaphidosominae",NA,NA
"Rhaphidosominae.sp2","Insecta","Hemiptera","Heteroptera","Reduvioidea","Reduviidae","Rhaphidosominae",NA,NA
"Rhyparochrominae.sp","Insecta","Hemiptera","Heteroptera","Lygaeoidea","Rhyparochromidae","Rhyparochrominae",NA,NA
"Scydmaenidae.sp1","Insecta","Coleoptera","Polyphaga","Staphylinoidea","Staphylinidae","Scydmaeninae",NA,NA
"Scytodes.sp","Arachnida","Araneae","Araneomorphae",NA,"Scytodidae",NA,"Scytodes",NA
"Sparassidae.sp","Arachnida","Araneae","Araneomorphae",NA,"Sparassidae",NA,NA,NA
"Sphodromantis.gastrica","Insecta","Mantodea",NA,NA,"Mantidae",NA,"Sphodromantis","Sphodromantis.gastrica"
"Staphylinidae.sp1","Insecta","Coleoptera","Polyphaga","Staphylinoidea","Staphylinidae","Tachyporinae",NA,NA
"Staphylinidae.sp2","Insecta","Coleoptera","Polyphaga","Staphylinoidea","Staphylinidae",NA,NA,NA
"Steatoda.sp","Arachnida","Araneae","Araneomorphae","Araneoidea","Theridiidae",NA,"Steatoda",NA
"Stirellus.sp","Insecta","Hemiptera","Auchenorrhyncha","Membracoidea","Cicadellidae","Deltocephalinae","Stirellus",NA
"Symphypleona.sp2","Entognatha","Symphypleona",NA,NA,NA,NA,NA,NA
"Symphypleona.sp3","Entognatha","Symphypleona",NA,NA,NA,NA,NA,NA
"Symphypleona.sp4","Entognatha","Symphypleona",NA,NA,NA,NA,NA,NA
"Symphypleona.spp","Entognatha","Symphypleona",NA,NA,NA,NA,NA,NA
"Synema.sp","Arachnida","Araneae","Araneomorphae",NA,"Thomisidae",NA,"Synema",NA
"Tetranychidae.sp1","Arachnida","Trombidiformes","Prostigmata","Tetranychoidea","Tetranychidae",NA,NA,NA
"Tetranychidae.sp2","Arachnida","Trombidiformes","Prostigmata","Tetranychoidea","Tetranychidae",NA,NA,NA
"Tetranychidae.sp3","Arachnida","Trombidiformes","Prostigmata","Tetranychoidea","Tetranychidae",NA,NA,NA
"Tetranychidae.sp4","Arachnida","Trombidiformes","Prostigmata","Tetranychoidea","Tetranychidae",NA,NA,NA
"Tetrigidae.sp1","Insecta","Orthoptera","Caelifera","Tetrigoidea","Tetrigidae",NA,NA,NA
"Tettigoniidae.sp1","Insecta","Orthoptera","Ensifera","Tettigonioidea","Tettigoniidae",NA,NA,NA
"Thanatus.fabricii","Arachnida","Araneae","Araneomorphae",NA,"Philodromidae",NA,"Thanatus","Thanatus.fabricii"
"Thanatus.sp","Arachnida","Araneae","Araneomorphae",NA,"Philodromidae",NA,"Thanatus",NA
"Thericleidae.sp","Insecta","Orthoptera","Caelifera","Eumastacoidea","Thericleidae",NA,NA,NA
"Theridion.sp1","Arachnida","Araneae","Araneomorphae","Araneoidea","Theridiidae",NA,"Theridion",NA
"Theridion.sp10","Arachnida","Araneae","Araneomorphae","Araneoidea","Theridiidae",NA,"Theridion",NA
"Theridion.sp11","Arachnida","Araneae","Araneomorphae","Araneoidea","Theridiidae",NA,"Theridion",NA
"Theridion.sp13","Arachnida","Araneae","Araneomorphae","Araneoidea","Theridiidae",NA,"Theridion",NA
"Theridion.sp14","Arachnida","Araneae","Araneomorphae","Araneoidea","Theridiidae",NA,"Theridion",NA
"Theridion.sp15","Arachnida","Araneae","Araneomorphae",NA,"Theridiidae",NA,"Theridion",NA
"Theridion.sp17","Arachnida","Araneae","Araneomorphae",NA,"Theridiidae",NA,"Theridion",NA
"Theridion.sp18","Arachnida","Araneae","Araneomorphae",NA,"Theridiidae",NA,"Theridion",NA
"Theridion.sp19","Arachnida","Araneae","Araneomorphae",NA,"Theridiidae",NA,"Theridion",NA
"Theridion.sp2","Arachnida","Araneae","Araneomorphae",NA,"Theridiidae",NA,"Theridion",NA
"Theridion.sp20","Arachnida","Araneae","Araneomorphae","Araneoidea","Theridiidae",NA,"Theridion",NA
"Theridion.sp21","Arachnida","Araneae","Araneomorphae","Araneoidea","Theridiidae",NA,"Theridion",NA
"Theridion.sp22","Arachnida","Araneae","Araneomorphae","Araneoidea","Theridiidae",NA,"Theridion",NA
"Theridion.sp23","Arachnida","Araneae","Araneomorphae","Araneoidea","Theridiidae",NA,"Theridion",NA
"Theridion.sp24","Arachnida","Araneae","Araneomorphae","Araneoidea","Theridiidae",NA,"Theridion",NA
"Theridion.sp25","Arachnida","Araneae","Araneomorphae","Araneoidea","Theridiidae",NA,"Theridion",NA
"Theridion.sp26","Arachnida","Araneae","Araneomorphae","Araneoidea","Theridiidae",NA,"Theridion",NA
"Theridion.sp27","Arachnida","Araneae","Araneomorphae","Araneoidea","Theridiidae",NA,"Theridion",NA
"Theridion.sp28","Arachnida","Araneae","Araneomorphae","Araneoidea","Theridiidae",NA,"Theridion",NA
"Theridion.sp29","Arachnida","Araneae","Araneomorphae","Araneoidea","Theridiidae",NA,"Theridion",NA
"Theridion.sp3","Arachnida","Araneae","Araneomorphae","Araneoidea","Theridiidae",NA,"Theridion",NA
"Theridion.sp30","Arachnida","Araneae","Araneomorphae","Araneoidea","Theridiidae",NA,"Theridion",NA
"Theridion.sp31","Arachnida","Araneae","Araneomorphae","Araneoidea","Theridiidae",NA,"Theridion",NA
"Theridion.sp32","Arachnida","Araneae","Araneomorphae","Araneoidea","Theridiidae",NA,"Theridion",NA
"Theridion.sp33","Arachnida","Araneae","Araneomorphae","Araneoidea","Theridiidae",NA,"Theridion",NA
"Theridion.sp34","Arachnida","Araneae","Araneomorphae","Araneoidea","Theridiidae",NA,"Theridion",NA
"Theridion.sp35","Arachnida","Araneae","Araneomorphae","Araneoidea","Theridiidae",NA,"Theridion",NA
"Theridion.sp37","Arachnida","Araneae","Araneomorphae","Araneoidea","Theridiidae",NA,"Theridion",NA
"Theridion.sp4","Arachnida","Araneae","Araneomorphae","Araneoidea","Theridiidae",NA,"Theridion",NA
"Theridion.sp5","Arachnida","Araneae","Araneomorphae","Araneoidea","Theridiidae",NA,"Theridion",NA
"Theridion.sp6","Arachnida","Araneae","Araneomorphae","Araneoidea","Theridiidae",NA,"Theridion",NA
"Theridion.sp7","Arachnida","Araneae","Araneomorphae","Araneoidea","Theridiidae",NA,"Theridion",NA
"Theridion.sp9","Arachnida","Araneae","Araneomorphae","Araneoidea","Theridiidae",NA,"Theridion",NA
"Thomisops.senegalensis","Arachnida","Araneae","Araneomorphae",NA,"Thomisidae",NA,"Thomisops","Thomisops.senegalensis"
"Thomisus.sp1","Arachnida","Araneae","Araneomorphae",NA,"Thomisidae",NA,"Thomisus",NA
"Thomisus.sp2","Arachnida","Araneae","Araneomorphae",NA,"Thomisidae",NA,"Thomisus",NA
"Thripidae.sp1","Insecta","Thysanoptera","Terebrantia",NA,"Thripidae",NA,NA,NA
"Thripidae.sp2","Insecta","Thysanoptera","Terebrantia",NA,"Thripidae",NA,NA,NA
"Thripidae.sp3","Insecta","Thysanoptera","Terebrantia",NA,"Thripidae",NA,NA,NA
"Thripidae.sp4","Insecta","Thysanoptera","Terebrantia",NA,"Thripidae",NA,NA,NA
"Thripidae.sp5","Insecta","Thysanoptera","Terebrantia",NA,"Thripidae",NA,NA,NA
"Thripidae.sp6","Insecta","Thysanoptera","Terebrantia",NA,"Thripidae",NA,NA,NA
"Thripidae.sp7","Insecta","Thysanoptera","Terebrantia",NA,"Thripidae",NA,NA,NA
"Thripidae.sp8","Insecta","Thysanoptera","Terebrantia",NA,"Thripidae",NA,NA,NA
"Thripidae.sp9","Insecta","Thysanoptera","Terebrantia",NA,"Thripidae",NA,NA,NA
"Thyene.natali","Arachnida","Araneae","Araneomorphae",NA,"Salticidae",NA,"Thyene","Thyene.natali"
"Thyene.sp","Arachnida","Araneae","Araneomorphae",NA,"Salticidae",NA,"Thyene",NA
"Thyene.thyeniodes","Arachnida","Araneae","Araneomorphae",NA,"Salticidae",NA,"Thyene","Thyene.thyeniodes"
"Tineoidea.sp1","Insecta","Lepidoptera","Glossata","Tineoidea",NA,NA,NA,NA
"Tineoidea.sp2","Insecta","Lepidoptera","Glossata","Tineoidea",NA,NA,NA,NA
"Tineoidea.sp3","Insecta","Lepidoptera","Glossata","Tineoidea",NA,NA,NA,NA
"Tineoidea.sp4","Insecta","Lepidoptera","Glossata","Tineoidea",NA,NA,NA,NA
"Tingidae.sp1","Insecta","Hemiptera","Heteroptera","Tingoidea","Tingidae","Tinginae",NA,NA
"Tingidae.sp2","Insecta","Hemiptera","Heteroptera","Tingoidea","Tingidae","Tinginae",NA,NA
"Tingidae.sp3","Insecta","Hemiptera","Heteroptera","Tingoidea","Tingidae","Cantacaderinae",NA,NA
"Tingidae.sp4","Insecta","Hemiptera","Heteroptera","Tingoidea","Tingidae","Tinginae",NA,NA
"Tingidae.sp5","Insecta","Hemiptera","Heteroptera","Tingoidea","Tingidae","Cantacaderinae",NA,NA
"Tingidae.sp6","Insecta","Hemiptera","Heteroptera","Miroidea","Tingidae","Cantacaderinae",NA,NA
"Tingidae.sp7","Insecta","Hemiptera","Heteroptera","Miroidea","Tingidae","Tinginae",NA,NA
"Tingidae.sp8","Insecta","Hemiptera","Heteroptera","Miroidea","Tingidae","Tinginae",NA,NA
"Tmarus.foliatus","Arachnida","Araneae","Araneomorphae",NA,"Thomisidae",NA,"Tmarus","Tmarus.foliatus"
"Tmarus.sp1","Arachnida","Araneae","Araneomorphae",NA,"Thomisidae",NA,"Tmarus",NA
"Tmarus.sp2","Arachnida","Araneae","Araneomorphae",NA,"Thomisidae",NA,"Tmarus",NA
"Tmarus.sp3","Arachnida","Araneae","Araneomorphae",NA,"Thomisidae",NA,"Tmarus",NA
"Tortricidae.sp","Insecta","Lepidoptera","Glossata","Tortricoidea","Tortricidae",NA,NA,NA
"Toryminae.sp1","Insecta","Hymenoptera","Apocrita","Chalcidoidea","Torymidae","Toryminae",NA,NA
"Toryminae.sp2","Insecta","Hymenoptera","Apocrita","Chalcidoidea","Torymidae","Toryminae",NA,NA
"Trombidiidae.sp1","Arachnida","Trombidiformes","Prostigmata","Trombidioidea","Trombidiidae",NA,NA,NA
"Trombidiidae.sp2","Arachnida","Trombidiformes","Prostigmata","Trombidioidea","Trombidiidae",NA,NA,NA
"Typhlocybinae.sp1","Insecta","Hemiptera","Auchenorrhyncha","Membracoidea","Cicadellidae","Typhlocybinae",NA,NA
"Typhlocybinae.sp10","Insecta","Hemiptera","Auchenorrhyncha","Membracoidea","Cicadellidae","Typhlocybinae",NA,NA
"Typhlocybinae.sp2","Insecta","Hemiptera","Auchenorrhyncha","Membracoidea","Cicadellidae","Typhlocybinae",NA,NA
"Typhlocybinae.sp3","Insecta","Hemiptera","Auchenorrhyncha","Membracoidea","Cicadellidae","Typhlocybinae",NA,NA
"Typhlocybinae.sp4","Insecta","Hemiptera","Auchenorrhyncha","Membracoidea","Cicadellidae","Typhlocybinae",NA,NA
"Typhlocybinae.sp5","Insecta","Hemiptera","Auchenorrhyncha","Membracoidea","Cicadellidae","Typhlocybinae",NA,NA
"Typhlocybinae.sp6","Insecta","Hemiptera","Auchenorrhyncha","Membracoidea","Cicadellidae","Typhlocybinae",NA,NA
"Typhlocybinae.sp7","Insecta","Hemiptera","Auchenorrhyncha","Membracoidea","Cicadellidae","Typhlocybinae",NA,NA
"Typhlocybinae.sp8","Insecta","Hemiptera","Auchenorrhyncha","Membracoidea","Cicadellidae","Typhlocybinae",NA,NA
"Typhlocybinae.sp9","Insecta","Hemiptera","Auchenorrhyncha","Membracoidea","Cicadellidae","Typhlocybinae",NA,NA
"Uloborus.plumipes","Arachnida","Araneae","Araneomorphae",NA,"Uloboridae",NA,"Uloborus","Uloborus.plumipes"
"Uloborus.sp1","Arachnida","Araneae","Araneomorphae",NA,"Uloboridae",NA,"Uloborus",NA
"Uloborus.sp2","Arachnida","Araneae","Araneomorphae",NA,"Uloboridae",NA,"Uloborus",NA
"Ursa.sp","Arachnida","Araneae","Araneomorphae","Araneoidea","Araneidae",NA,"Ursa",NA
"Voraptus.sp","Arachnida","Araneae","Araneomorphae",NA,"Miturgidae",NA,"Voraptus",NA
"Wendilgarda.sp1","Arachnida","Araneae","Araneomorphae","Araneoidea","Theridiosomatidae",NA,"Wendilgarda",NA
"Wendilgarda.sp2","Arachnida","Araneae","Araneomorphae","Araneoidea","Theridiosomatidae",NA,"Wendilgarda",NA
"Wendilgarda.sp4","Arachnida","Araneae","Araneomorphae","Araneoidea","Theridiosomatidae",NA,"Wendilgarda",NA
"Wendilgarda.sp5","Arachnida","Araneae","Araneomorphae","Araneoidea","Theridiosomatidae",NA,"Wendilgarda",NA
"Zygaenidae.sp","Insecta","Lepidoptera","Glossata","Zygaenoidea","Zygaenidae",NA,NA,NA
